	City	Cloudiness	Country	Date	Humidity	Lat	Lng	Max Temp	Wind Speed
0	Rikitea	0	PF	1542493049	99	-23.12	-134.97	76.29	12.19
1	Saskylakh	56	RU	1542493102	64	71.97	114.09	-8.23	5.37
2	Faanui	68	PF	1542493068	100	-16.48	-151.75	81.69	13.76
3	Hualmay	12	PE	1542493212	65	-11.1	-77.61	71.79	7.38
4	Dudinka	56	RU	1542493315	84	69.41	86.18	7.57	17.11
5	Kapaa	90	US	1542491760	60	22.08	-159.32	80.96	19.46
6	Atuona	8	PF	1542493063	100	-9.8	-139.03	80.74	16.55
7	Boras	90	SE	1542491400	93	57.72	12.94	41.0	3.36
8	Dikson	76	RU	1542493064	100	73.51	80.55	8.65	8.39
9	Carnarvon	12	ZA	1542493104	23	-30.97	22.13	63.15	6.71
10	Bredasdorp	0	ZA	1542488400	67	-34.53	20.04	57.2	3.36
11	Punta Arenas	75	CL	1542492000	47	-53.16	-70.91	55.4	12.75
12	North Bend	1	US	1542488160	55	43.41	-124.22	62.96	6.93
13	Dali	0	CN	1542493317	100	25.6	100.24	35.92	2.57
14	Thompson	75	CA	1542488400	77	55.74	-97.86	5.0	10.29
15	Barrow	36	AR	1542493126	96	-38.31	-60.23	56.26	22.26
16	Longyearbyen	75	NO	1542491400	80	78.22	15.63	35.6	34.45
17	Bethel	90	US	1542491580	100	60.79	-161.76	33.98	6.93
18	Fortuna	0	ES	1542492000	87	38.18	-1.13	62.6	4.7
19	Chokurdakh	56	RU	1542493069	68	70.62	147.9	-9.13	3.36
20	Vaini	20	IN	1542493053	93	15.34	74.49	68.77	1.68
21	Ushuaia	0	AR	1542492000	32	-54.81	-68.31	51.8	11.41
22	Puerto Maldonado	40	PE	1542492000	334	-12.59	-69.19	33.8	1.12
23	Isangel	68	VU	1542493114	100	-19.55	169.27	74.62	9.28
24	Coihaique	75	CL	1542492000	54	-45.58	-72.07	55.4	8.05
25	Kahului	90	US	1542488160	93	20.89	-156.47	75.92	14.99
26	Marsaxlokk	75	MT	1542491100	72	35.84	14.54	64.4	16.11
27	Larsnes	32	NO	1542491400	93	62.2	5.58	41.0	4.7
28	Mataura	88	NZ	1542493065	100	-46.19	168.86	45.42	17.0
29	Revda	68	RU	1542493322	85	67.94	34.55	31.74	15.77
30	San Patricio	100	PY	1542493082	90	-26.98	-56.83	79.21	5.37
31	Klaksvik	8	FO	1542491400	87	62.23	-6.59	46.4	18.34
32	Meulaboh	88	ID	1542493164	100	4.14	96.13	78.49	4.59
33	Kaitangata	20	NZ	1542493050	81	-46.28	169.85	52.17	17.34
34	Sinnamary	92	GF	1542493139	100	5.38	-52.96	79.17	9.62
35	Floro	88	NO	1542491400	93	61.6	5.03	48.2	6.93
36	Portland	1	US	1542491760	32	45.52	-122.67	60.98	14.99
37	Nikolskoye	40	RU	1542490200	80	59.7	30.79	41.0	17.9
38	Port Alfred	64	ZA	1542493077	89	-33.59	26.89	64.23	6.93
39	Hobart	75	AU	1542492000	62	-42.88	147.33	55.4	5.82
40	Laizhou	76	CN	1542493324	100	37.18	119.93	32.05	4.14
41	Morros	0	BR	1542492000	83	-2.87	-44.04	80.6	11.41
42	Arraial do Cabo	20	BR	1542488400	69	-22.97	-42.02	77.0	9.17
43	Fairbanks	40	US	1542491880	88	64.84	-147.72	5.0	5.26
44	Lagoa	40	PT	1542490200	82	37.14	-8.45	64.4	19.46
45	Alofi	0	NU	1542488400	74	-19.06	-169.92	80.6	6.93
46	Mahebourg	40	MU	1542488400	88	-20.41	57.7	73.4	11.41
47	Dunedin	56	NZ	1542493310	100	-45.87	170.5	50.59	4.7
48	Thunder Bay	20	CA	1542488400	57	48.41	-89.26	17.6	10.29
49	Yumen	0	CN	1542493083	62	40.29	97.04	12.07	3.36
50	Hermanus	24	ZA	1542493051	76	-34.42	19.24	56.44	6.38
51	Hobyo	20	SO	1542493108	93	5.35	48.53	75.75	10.96
52	Marquette	75	US	1542491760	62	46.54	-87.4	26.06	11.41
53	Ashland	1	US	1542491460	63	38.48	-82.64	46.94	3.36
54	Canutama	36	BR	1542493328	82	-6.53	-64.38	83.62	3.91
55	Yellowknife	75	CA	1542488400	76	62.45	-114.38	-4.01	6.93
56	Cayenne	0	GF	1542492000	78	4.94	-52.33	80.6	4.7
57	Geraldton	40	CA	1542488400	60	49.72	-86.95	10.4	9.17
58	Cabo San Lucas	20	MX	1542491040	44	22.89	-109.91	80.6	16.11
59	Iqaluit	75	CA	1542488400	70	63.75	-68.52	-5.81	4.7
60	Porto Novo	20	BR	1542492000	73	-23.68	-45.44	73.4	13.87
61	Flinders	0	AU	1542488400	72	-34.58	150.85	60.8	4.7
62	Itarema	0	BR	1542493120	58	-2.92	-39.92	84.52	18.79
63	Puerto Ayora	75	EC	1542492000	69	-0.74	-90.35	77.0	19.46
64	Ardakan	0	IR	1542488400	54	32.31	54.02	55.4	6.93
65	Paita	0	PE	1542488400	290	-5.09	-81.11	62.6	17.22
66	Gazli	20	UZ	1542493331	69	40.13	63.45	26.88	6.15
67	Zabol	0	IR	1542488400	47	31.03	61.49	59.0	9.17
68	Raudeberg	80	NO	1542491400	93	61.99	5.14	48.2	6.93
69	Sola	90	NO	1542491400	100	58.89	5.65	42.8	5.82
70	Chuy	100	UY	1542493131	99	-33.69	-53.46	68.77	12.41
71	Pozo Colorado	80	PY	1542493332	57	-23.49	-58.8	92.44	13.65
72	Cidreira	80	BR	1542493054	60	-30.17	-50.22	78.27	17.0
73	Havre-Saint-Pierre	40	CA	1542491640	92	50.23	-63.6	23.0	5.82
74	General Pico	44	AR	1542493333	42	-35.66	-63.75	70.08	20.8
75	San Quintin	20	PH	1542492000	94	17.54	120.52	75.2	2.24
76	Tautira	40	PF	1542492000	83	-17.73	-149.15	82.4	11.41
77	Sao Filipe	44	CV	1542493267	99	14.9	-24.5	75.57	8.95
78	Tatarskaya Kargala	0	RU	1542490200	61	51.95	55.17	17.6	2.24
79	Butaritari	48	KI	1542493095	100	3.07	172.79	84.61	9.73
80	Qaanaaq	20	GL	1542493084	100	77.48	-69.36	-3.14	10.85
81	Kudahuvadhoo	64	MV	1542493111	100	2.67	72.89	81.33	12.08
82	Saint-Philippe	90	CA	1542490500	96	45.36	-73.48	35.6	9.17
83	Tocopilla	48	CL	1542493335	84	-22.09	-70.2	66.48	7.05
84	Viedma	24	AR	1542493335	47	-40.81	-62.99	60.18	15.77
85	Beloha	0	MG	1542493197	69	-25.17	45.06	70.8	8.72
86	Kodiak	90	US	1542490080	84	39.95	-94.76	33.08	23.04
87	Belaya Gora	56	RU	1542493151	70	68.54	146.19	-9.76	2.57
88	Airai	32	TL	1542493053	89	-8.93	125.41	68.5	1.57
89	Victoria	75	BN	1542490200	94	5.28	115.24	75.2	2.24
90	Sechura	0	PE	1542493336	67	-5.56	-80.82	76.83	15.77
91	Buala	92	SB	1542493224	96	-8.15	159.59	80.88	3.91
92	Male	0	UA	1542493202	65	50.74	33.7	13.38	2.91
93	Qaqortoq	0	GL	1542491400	86	60.72	-46.03	26.6	23.94
94	Vao	0	EE	1542493106	91	59.1	26.19	40.29	11.41
95	Albany	90	US	1542491640	67	42.65	-73.75	39.92	5.82
96	Busselton	64	AU	1542493085	100	-33.64	115.35	61.89	13.42
97	Birjand	0	IR	1542488400	65	32.86	59.22	41.0	6.93
98	Kavieng	92	PG	1542493119	100	-2.57	150.8	82.36	3.36
99	Hasaki	75	JP	1542490200	87	35.73	140.83	50.0	6.93
100	Roald	12	NO	1542491400	93	62.58	6.12	42.8	4.7
101	Hambantota	80	LK	1542493113	100	6.12	81.12	76.87	7.49
102	Pilar	20	AR	1542492000	64	-34.46	-58.91	73.4	3.36
103	Riyadh	0	SA	1542488400	72	24.63	46.72	62.6	4.7
104	Nome	1	US	1542491580	54	30.04	-94.42	68.72	12.75
105	Shelopugino	0	RU	1542493340	48	51.65	117.56	0.37	7.61
106	Ponta do Sol	44	BR	1542493132	54	-20.63	-46.0	78.94	10.18
107	Defiance	40	US	1542491700	93	41.28	-84.36	41.0	3.36
108	Jamestown	0	AU	1542493057	44	-33.21	138.6	54.46	6.93
109	Tecoanapa	5	MX	1542491340	70	16.99	-99.26	86.0	3.36
110	Norman Wells	75	CA	1542488400	66	65.28	-126.83	12.2	19.46
111	Hilo	90	US	1542492240	76	19.71	-155.08	78.98	3.36
112	Beringovskiy	76	RU	1542493342	100	63.05	179.32	25.53	24.83
113	Hithadhoo	0	MV	1542493049	100	-0.6	73.08	81.6	12.3
114	Fort Dix	40	US	1542492000	56	40.03	-74.62	46.94	11.41
115	Mount Isa	76	AU	1542492000	45	-20.73	139.49	86.0	9.17
116	Avera	1	US	1542491700	64	33.19	-82.53	60.98	5.82
117	Ulcinj	75	ME	1542492000	42	41.93	19.22	51.8	8.05
118	Aklavik	75	CA	1542488400	84	68.22	-135.01	-0.41	8.05
119	Cape Town	0	ZA	1542488400	59	-33.93	18.42	62.6	19.46
120	Castro	76	CL	1542493070	80	-42.48	-73.76	54.19	7.72
121	Bay City	90	US	1542492960	100	43.59	-83.89	34.16	4.7
122	Freeport	20	BS	1542488400	65	26.54	-78.7	77.0	11.41
123	Bilibino	8	RU	1542493073	70	68.06	166.44	-37.16	2.13
124	Port Elizabeth	1	US	1542491760	58	39.31	-74.98	48.02	4.7
125	Sorrento	75	AU	1542492000	72	-31.82	115.75	64.4	5.82
126	Araguaina	64	BR	1542493346	80	-7.19	-48.21	81.46	4.81
127	Tuktoyaktuk	75	CA	1542488400	84	69.44	-133.03	-2.21	17.22
128	Ilulissat	76	GL	1542491400	85	69.22	-51.1	23.0	12.75
129	Paamiut	24	GL	1542493347	99	61.99	-49.67	33.31	37.47
130	Safranbolu	56	TR	1542493347	90	41.25	32.69	32.55	1.79
131	Pozoblanco	0	ES	1542492000	93	38.38	-4.85	55.4	2.24
132	Kenai	90	US	1542491760	89	60.55	-151.26	35.96	6.93
133	Paramonga	12	PE	1542493348	97	-10.68	-77.82	64.14	12.08
134	Oyama	20	JP	1542488400	81	36.31	139.8	44.6	6.93
135	Ostrovnoy	92	RU	1542493203	97	68.05	39.51	34.17	32.66
136	Tasiilaq	92	GL	1542491400	80	65.61	-37.64	41.0	38.03
137	Leh	80	IN	1542493349	56	34.16	77.58	-16.06	1.12
138	Khatanga	88	RU	1542493121	80	71.98	102.47	4.06	8.84
139	Hamilton	90	BM	1542491700	88	32.3	-64.78	68.0	9.17
140	Georgetown	20	GY	1542492000	83	6.8	-58.16	80.6	9.17
141	Avarua	40	CK	1542492000	74	-21.21	-159.78	82.4	9.73
142	Xai-Xai	12	MZ	1542493304	96	-25.04	33.64	75.12	20.69
143	Natal	20	BR	1542492000	74	-5.81	-35.21	80.6	14.99
144	Sioux Lookout	75	CA	1542489360	66	50.1	-91.92	10.4	13.87
145	Pitogo	20	PH	1542493351	100	13.79	122.09	79.44	10.74
146	Victor Harbor	0	AU	1542492000	20	-35.55	138.62	73.4	13.87
147	Maragogi	92	BR	1542493280	87	-9.01	-35.22	78.76	10.51
148	Shangzhi	0	CN	1542493352	69	45.21	127.96	6.9	3.02
149	Clyde River	5	CA	1542488400	82	70.47	-68.59	-22.01	3.36
150	Lebu	40	ET	1542488400	82	8.96	38.73	55.4	4.7
151	Trincomalee	0	LK	1542493352	97	8.58	81.23	70.66	3.36
152	Salalah	0	OM	1542487800	74	17.01	54.1	78.8	2.24
153	Jalu	20	LY	1542493174	33	29.03	21.55	62.88	12.19
154	Chara	90	GR	1542491400	87	39.42	22.43	50.0	4.7
155	Lavumisa	44	ZA	1542493353	72	-27.31	31.88	68.95	10.96
156	Torbay	90	CA	1542490080	100	47.66	-52.73	33.8	27.51
157	Plettenberg Bay	0	ZA	1542493354	100	-34.05	23.37	60.94	3.8
158	Hovd	75	NO	1542491400	100	63.83	10.7	42.8	5.82
159	Malanje	92	AO	1542493132	95	-9.54	16.35	68.73	2.46
160	Udachnyy	32	RU	1542493335	63	66.42	112.4	-22.54	2.35
161	Nalut	92	LY	1542493355	98	31.86	10.98	53.47	4.36
162	Rosario do Sul	92	BR	1542493355	100	-30.26	-54.91	70.39	7.72
163	Borovoy	80	RU	1542493355	98	63.23	52.89	33.0	4.92
164	Acapulco	5	MX	1542491340	70	16.86	-99.88	86.0	3.36
165	Comodoro Rivadavia	40	AR	1542492000	33	-45.87	-67.48	62.6	12.75
166	Velingara	56	SN	1542493356	53	13.64	-16.01	80.34	12.75
167	Hirara	75	JP	1542490200	94	24.8	125.28	71.6	4.7
168	Atbasar	88	KZ	1542493357	90	51.81	68.36	22.2	8.5
169	Narsaq	44	GL	1542491400	86	60.91	-46.05	26.6	1.9
170	Bandarbeyla	0	SO	1542493189	100	9.49	50.81	78.72	14.32
171	Alvaraes	40	BR	1542492000	83	-3.22	-64.8	80.6	5.82
172	Assisi	40	IT	1542487800	61	43.07	12.61	48.2	14.99
173	Cururupu	0	BR	1542493073	65	-1.82	-44.87	84.12	11.18
174	Champerico	40	MX	1542490920	51	16.38	-93.6	82.4	3.13
175	Pangnirtung	0	CA	1542493178	100	66.15	-65.72	-1.84	5.37
176	Tsogni	20	GA	1542493146	95	-2.79	10.1	80.11	8.61
177	Ballina	0	IE	1542493359	94	54.11	-9.15	46.59	16.11
178	Severo-Kurilsk	44	RU	1542493130	100	50.68	156.12	35.29	14.99
179	Alenquer	0	BR	1542492000	48	-1.95	-54.74	87.8	11.41
180	Naze	20	NG	1542488400	94	5.43	7.07	78.8	5.82
181	Goias	88	BR	1542493360	95	-15.93	-50.14	74.22	4.7
182	Grindavik	90	IS	1542492000	100	63.84	-22.43	48.2	39.15
183	Inirida	64	CO	1542493361	81	3.87	-67.92	82.54	2.8
184	Moussoro	20	TD	1542493361	31	13.64	16.49	73.9	7.72
185	Tamiahua	88	MX	1542493361	100	21.28	-97.45	71.11	4.36
186	Mar del Plata	88	AR	1542493087	31	-46.43	-67.52	68.1	4.59
187	Provideniya	68	RU	1542493192	100	64.42	-173.23	33.45	18.34
188	Oistins	20	BB	1542492000	78	13.07	-59.53	80.6	14.99
189	Bluff	64	AU	1542493362	77	-23.58	149.07	72.87	8.95
190	Carndonagh	0	IE	1542493363	84	55.25	-7.27	49.69	19.69
191	Ucluelet	20	CA	1542488400	76	48.94	-125.55	51.8	3.36
192	Abancay	8	PE	1542493364	43	-13.64	-72.88	62.11	1.9
193	Kruisfontein	0	ZA	1542493109	91	-34.0	24.73	59.37	7.72
194	Pisco	0	PE	1542492000	30	-13.71	-76.2	71.6	16.11
195	Seoul	40	KR	1542492000	80	37.57	126.98	39.2	1.12
196	Nanortalik	0	GL	1542493176	94	60.14	-45.24	32.41	34.11
197	Kavaratti	88	IN	1542493365	100	10.57	72.64	79.12	13.98
198	Rawson	88	AR	1542493125	33	-43.3	-65.11	66.39	8.95
199	Tiksi	0	RU	1542493076	72	71.64	128.87	-10.66	6.38
200	Samarai	32	PG	1542493325	100	-10.62	150.67	79.8	11.86
201	Santa Elena	75	EC	1542492000	83	-2.23	-80.86	73.4	9.17
202	Sayyan	20	YE	1542493367	52	15.17	44.32	43.12	4.14
203	Sobolevo	68	RU	1542493090	94	54.43	31.9	27.24	11.63
204	Agadez	0	NE	1542493078	25	16.97	7.99	65.35	7.27
205	Huarmey	12	PE	1542493367	53	-10.07	-78.15	74.44	4.7
206	Pacific Grove	1	US	1542491700	71	36.62	-121.92	66.2	8.05
207	Mukdahan	44	TH	1542493368	86	16.54	104.73	73.09	2.91
208	Ribeirao Branco	44	BR	1542493368	63	-24.22	-48.77	76.47	9.06
209	Nemuro	24	JP	1542493081	100	43.32	145.57	42.18	13.65
210	Salinopolis	0	BR	1542493368	90	-0.61	-47.36	83.4	15.88
211	Port Macquarie	90	AU	1542492000	82	-31.43	152.91	64.4	5.82
212	New Norfolk	75	AU	1542492000	62	-42.78	147.06	55.4	5.82
213	Marsabit	8	KE	1542493369	92	2.34	37.99	68.64	2.68
214	Colinas	8	BR	1542493197	57	-6.03	-44.25	84.52	2.91
215	Biak	8	ID	1542493128	96	-0.91	122.88	78.94	2.91
216	Darque	0	PT	1542492000	59	41.68	-8.8	64.4	8.05
217	Normandin	20	CA	1542488400	62	48.84	-72.53	24.8	12.75
218	Conde	44	BR	1542493371	82	-11.81	-37.61	79.62	10.4
219	Saldanha	76	PT	1542493151	91	41.42	-6.55	45.19	4.25
220	Wuwei	0	CN	1542493262	62	37.93	102.64	2.04	2.35
221	Progreso	75	UY	1542492000	93	-34.68	-56.22	66.2	4.7
222	Bonthe	36	SL	1542493372	88	7.53	-12.5	80.02	3.58
223	Ambilobe	12	MG	1542493089	65	-13.19	49.05	76.02	10.74
224	Broken Hill	0	AU	1542493225	41	-31.97	141.45	59.82	6.04
225	Shingu	24	JP	1542493373	100	33.72	135.99	61.12	8.16
226	Acari	0	BR	1542493373	41	-6.44	-36.64	84.7	13.2
227	Abapo	8	BO	1542493373	41	-18.83	-63.47	87.0	6.15
228	Port Lincoln	0	AU	1542493094	90	-34.72	135.86	62.11	13.2
229	Craig	90	US	1542492480	84	40.52	-107.55	39.92	3.36
230	Vostok	44	RU	1542493307	63	46.45	135.83	2.58	2.13
231	Faya	0	SA	1542488400	54	18.39	42.45	59.0	4.7
232	Toora-Khem	36	RU	1542493375	60	52.47	96.11	-10.12	2.13
233	Kisangani	8	CD	1542493194	94	0.52	25.21	73.72	2.68
234	Havoysund	44	NO	1542491400	93	71.0	24.66	35.6	8.05
235	Half Moon Bay	40	US	1542491760	62	37.46	-122.43	66.2	13.87
236	Lavrentiya	76	RU	1542493064	100	65.58	-170.99	32.73	19.46
237	Pochutla	40	MX	1542491100	66	15.74	-96.47	86.0	6.71
238	Kabanjahe	40	ID	1542488400	94	3.1	98.49	77.0	2.24
239	Taman	36	RU	1542490200	100	45.22	36.72	32.0	11.18
240	Khandbari	0	NP	1542493377	69	27.38	87.21	27.64	1.57
241	Prado	8	BR	1542493377	93	-17.34	-39.22	79.57	15.21
242	Ialibu	75	PG	1542488400	93	-6.28	143.99	60.8	3.36
243	Inhambane	0	MZ	1542493091	99	-23.87	35.38	74.4	8.72
244	Hami	0	CN	1542493121	76	42.84	93.51	16.66	7.61
245	Erenhot	0	CN	1542493228	78	43.65	111.97	6.67	13.2
246	Lisala	8	CD	1542493378	90	2.15	21.52	74.89	2.57
247	Grand Gaube	40	MU	1542488400	88	-20.01	57.66	73.4	11.41
248	Letterkenny	0	IE	1542493379	92	54.95	-7.73	49.65	19.46
249	Juruti	0	BR	1542493379	44	-2.16	-56.09	91.9	4.92
250	Berezovyy	0	RU	1542493380	49	51.67	135.7	-3.64	3.47
251	Souillac	75	FR	1542492000	93	45.6	-0.6	46.4	9.17
252	Waingapu	32	ID	1542493380	97	-9.65	120.26	72.64	2.57
253	Olinda	75	EC	1542492000	58	-2.03	-79.75	84.2	3.36
254	Teahupoo	40	PF	1542492000	83	-17.83	-149.27	82.4	11.41
255	Farafangana	100	MG	1542493381	94	-22.82	47.83	76.15	13.2
256	Deputatskiy	0	RU	1542493204	32	69.3	139.9	-22.99	2.8
257	Waitati	56	NZ	1542493381	100	-45.75	170.57	50.59	4.7
258	Upernavik	88	GL	1542493070	100	72.79	-56.15	24.27	13.2
259	Katsuura	20	JP	1542489600	87	33.93	134.5	48.2	8.05
260	Yaan	68	NG	1542493185	54	7.38	8.57	85.69	11.18
261	Merauke	0	ID	1542493382	96	-8.49	140.4	77.59	11.52
262	Leshukonskoye	92	RU	1542493188	98	64.9	45.76	36.87	3.8
263	Nassau	0	DE	1542491400	86	51.17	13.51	28.4	1.12
264	Pierre	90	US	1542487980	77	44.37	-100.35	17.96	6.93
265	Tadepallegudem	92	IN	1542493383	98	16.82	81.53	73.27	2.91
266	Vila Velha	0	BR	1542492000	69	-3.71	-38.6	82.4	11.41
267	Dawlatabad	92	AF	1542493384	97	36.41	64.91	45.6	2.8
268	Molina	20	CL	1542492000	36	-35.11	-71.28	75.2	5.82
269	Walvis Bay	24	NA	1542488400	72	-22.95	14.51	62.6	12.75
270	Wilmington	1	US	1542491460	64	39.75	-75.55	48.02	8.05
271	Mansa	0	IN	1542492000	63	23.43	72.66	66.2	2.68
272	Honningsvag	12	NO	1542493086	100	70.98	25.97	35.34	7.72
273	Hudson Bay	56	CA	1542493386	74	52.86	-102.4	9.46	8.28
274	Voh	0	NC	1542493386	97	-20.95	164.69	74.35	7.94
275	Gamba	0	CN	1542493386	51	28.28	88.52	5.5	3.69
276	Monrovia	75	LR	1542492000	94	6.33	-10.8	77.0	5.93
277	Fonte Boa	12	BR	1542493387	94	-2.51	-66.09	81.1	3.69
278	Nizhniy Ufaley	64	RU	1542493387	87	55.91	59.99	22.74	6.15
279	Tahlequah	1	US	1542491760	31	35.92	-94.97	69.8	8.05
280	Coquimbo	0	CL	1542492000	63	-29.95	-71.34	66.2	16.11
281	Vuktyl	92	RU	1542493388	89	63.86	57.31	31.83	6.15
282	San Matias	75	HN	1542492000	73	13.97	-86.63	69.8	20.8
283	East London	92	ZA	1542493097	100	-33.02	27.91	66.39	9.95
284	Lorengau	44	PG	1542493251	100	-2.02	147.27	82.81	6.15
285	Liverpool	0	GB	1542491400	81	53.41	-2.98	46.4	14.99
286	Sault Sainte Marie	90	CA	1542491820	74	46.49	-84.36	24.98	12.75
287	Sitka	68	US	1542493134	59	37.17	-99.65	37.36	20.02
288	Namibe	0	AO	1542493115	100	-15.19	12.15	74.04	4.14
289	Egvekinot	88	RU	1542493193	90	66.32	-179.17	21.39	10.96
290	Saint George	90	GR	1542491400	87	39.45	22.34	50.0	4.7
291	Kirillov	88	RU	1542493390	97	59.86	38.38	34.84	9.73
292	Constitucion	90	MX	1542491400	11	23.99	-104.67	69.8	9.17
293	Ciudad Real	88	ES	1542493391	76	38.99	-3.93	54.87	9.73
294	Esperance	40	TT	1542488400	78	10.24	-61.45	82.4	11.41
295	Novopokrovka	20	RU	1542493392	65	45.85	134.51	2.89	2.24
296	Pevek	68	RU	1542493072	95	69.7	170.27	6.72	4.47
297	Homer	90	US	1542492120	88	59.64	-151.54	41.0	5.82
298	Urgut	0	UZ	1542490200	76	39.41	67.25	37.4	2.24
299	Labuhan	36	ID	1542493178	98	-2.54	115.51	72.19	2.13
300	Cherskiy	44	RU	1542493071	77	68.75	161.3	-17.59	3.69
301	Shitkino	64	RU	1542493393	76	56.37	98.35	4.92	3.13
302	Itoman	40	JP	1542491760	90	26.12	127.67	73.4	8.05
303	Saint-Augustin	90	FR	1542492000	100	44.83	-0.61	50.0	6.93
304	Zwedru	56	LR	1542493395	92	6.07	-8.13	74.71	4.59
305	Garowe	12	SO	1542493395	76	8.41	48.48	70.21	9.73
306	Pitimbu	0	BR	1542492000	78	-7.47	-34.81	78.8	6.93
307	Liberal	90	US	1542492360	92	37.04	-100.92	30.02	17.22
308	Mecca	8	SA	1542493215	85	21.43	39.83	63.24	2.8
309	Bang Saphan	92	TH	1542493396	94	11.21	99.51	79.17	2.57
310	Taoudenni	12	ML	1542493148	47	22.68	-3.98	60.4	5.93
311	Yulara	0	AU	1542492000	46	-25.24	130.99	71.6	4.7
312	Japura	92	ID	1542493397	98	-0.42	102.29	72.33	2.35
313	Kamaishi	0	JP	1542493397	97	39.28	141.86	28.81	3.58
314	Ahipara	68	NZ	1542493175	83	-35.17	173.16	62.7	1.45
315	Umm Kaddadah	8	SD	1542493398	29	13.6	26.69	65.17	11.74
316	Ribeira Grande	40	PT	1542488400	58	38.52	-28.7	57.2	5.82
317	Narkanda	76	IN	1542493398	50	31.25	77.46	36.55	1.79
318	Dolgoye	8	RU	1542493399	53	52.06	37.53	7.84	3.36
319	Henties Bay	0	NA	1542493140	93	-22.12	14.28	62.34	5.26
320	Kefalos	40	GR	1542491400	93	36.75	26.96	59.0	19.35
321	Anchorage	90	US	1542488160	99	61.22	-149.89	35.06	6.15
322	Pangai	20	TO	1542488400	78	-19.8	-174.35	78.8	2.24
323	Pangody	92	RU	1542493226	92	65.85	74.49	21.16	9.4
324	Samana	75	EC	1542492000	74	0.12	-76.97	84.2	3.36
325	Buraydah	0	SA	1542488400	100	26.33	43.97	59.0	8.05
326	Luderitz	8	NA	1542493095	68	-26.65	15.16	60.94	22.48
327	Shubarshi	0	KZ	1542493401	50	48.59	57.19	5.32	2.91
328	Malvern	1	GB	1542491760	88	52.12	-2.33	42.8	10.29
329	Petropavlovka	64	RU	1542493402	78	50.61	105.32	4.96	3.02
330	Shitanjing	0	CN	1542493402	62	39.23	106.34	12.52	3.8
331	Denpasar	40	ID	1542490200	94	-8.65	115.22	80.6	6.93
332	Zemaiciu Naumiestis	92	LT	1542493403	100	55.36	21.7	37.32	5.59
333	Belyy Yar	40	RU	1542490200	84	53.6	91.39	5.0	2.24
334	Gazojak	32	TM	1542493403	94	41.19	61.4	20.71	4.36
335	Kharp	92	RU	1542493404	86	66.82	65.8	13.87	19.01
336	Neryungri	68	RU	1542493404	69	56.66	124.71	-3.82	11.3
337	Bambanglipuro	76	ID	1542493054	98	-7.95	110.28	73.5	2.57
338	Vienne	90	FR	1542492000	81	45.53	4.87	44.6	4.7
339	Ixtapa	90	MX	1542491100	38	20.71	-105.21	87.8	5.82
340	Oktyabrskiy	90	RU	1542490200	88	55.61	37.97	32.0	13.42
341	Brae	0	GB	1542491400	87	60.4	-1.35	50.0	33.33
342	Michurinsk	32	RU	1542493405	68	52.9	40.48	17.7	10.51
343	Houma	88	CN	1542493406	100	35.63	111.36	28.59	2.01
344	Qarqin	64	AF	1542493406	93	37.41	66.03	45.37	5.14
345	Kiruna	0	SE	1542491400	77	67.86	20.23	32.0	5.82
346	Caravelas	48	BR	1542493070	99	-17.73	-39.27	79.12	15.21
347	Scottsbluff	90	US	1542492240	91	41.87	-103.67	21.02	5.37
348	Atambua	20	ID	1542493407	100	-9.11	124.89	77.19	1.45
349	Abu Zabad	0	SD	1542493407	26	12.35	29.25	66.57	10.29
350	Dedougou	0	BF	1542493408	55	12.47	-3.47	77.77	3.58
351	Necochea	44	AR	1542493408	95	-38.55	-58.74	60.18	18.57
352	Erzin	0	TR	1542489600	70	36.95	36.2	46.4	5.82
353	Montabaur	1	DE	1542491760	38	50.44	7.83	41.0	9.17
354	Skara	92	SE	1542491400	93	58.38	13.44	42.8	5.82
355	Bantogon	0	PH	1542493409	86	6.53	124.03	68.1	2.35
356	Halifax	75	CA	1542488400	100	44.65	-63.58	32.0	14.99
357	Abu Samrah	76	SY	1542493208	84	35.3	37.18	49.74	7.16
358	Puerto Carreno	40	CO	1542492000	88	6.19	-67.49	78.8	3.36
359	Coihueco	20	CL	1542492000	42	-36.63	-71.83	68.0	3.36
360	Matehuala	48	MX	1542493410	42	23.65	-100.64	67.29	2.68
361	Machiques	68	VE	1542493410	74	10.06	-72.55	77.77	6.15
362	Balabac	76	PH	1542493411	100	7.99	117.06	82.23	6.71
363	Karema	88	TZ	1542493411	84	-6.82	30.44	72.82	2.57
364	Dingle	8	PH	1542493412	97	11.0	122.67	74.13	9.17
365	Tokur	80	RU	1542493215	66	53.13	132.9	-2.11	3.02
366	Le Moule	0	GP	1542492000	78	16.33	-61.35	78.8	5.82
367	Worland	40	US	1542491580	80	44.02	-107.96	23.0	4.7
368	Omboue	80	GA	1542493413	100	-1.57	9.26	81.01	10.29
369	Tsabong	0	BW	1542493413	15	-26.02	22.4	73.99	7.94
370	Pontianak	80	ID	1542493413	100	-0.02	109.34	76.65	5.48
371	Emerald	44	AU	1542493414	68	-23.53	148.16	75.03	9.95
372	Cravo Norte	80	CO	1542493148	89	6.3	-70.2	81.15	6.71
373	Vila Franca do Campo	40	PT	1542490200	76	37.72	-25.43	55.4	6.93
374	Mount Gambier	0	AU	1542493052	81	-37.83	140.78	51.76	4.92
375	Oussouye	0	SN	1542488400	74	12.49	-16.54	78.8	6.93
376	Honiara	75	SB	1542492000	66	-9.43	159.96	87.8	5.82
377	Hay River	90	CA	1542488400	84	60.82	-115.79	3.2	4.7
378	Westport	0	IE	1542493416	94	53.8	-9.52	48.7	17.67
379	Xining	56	CN	1542493367	75	36.62	101.77	10.0	2.13
380	Dong Hoi	80	VN	1542493246	100	17.48	106.6	78.67	8.39
381	Nioro	76	GM	1542493416	35	13.79	-15.05	82.9	16.55
382	Pando	75	UY	1542492000	88	-34.72	-55.96	66.2	5.82
383	Nouadhibou	0	MR	1542492000	88	20.93	-17.03	64.4	4.7
384	Codrington	88	AU	1542493199	100	-28.95	153.24	62.34	6.38
385	Port Hardy	20	CA	1542488400	81	50.7	-127.42	44.6	5.82
386	Lebanon	90	US	1542491760	81	43.64	-72.25	42.08	5.7
387	Lubango	0	AO	1542493418	82	-14.92	13.49	62.65	2.57
388	Ilhabela	12	BR	1542493302	97	-23.78	-45.36	73.09	17.78
389	Muros	0	ES	1542492000	71	42.77	-9.06	55.4	5.82
390	Sistranda	75	NO	1542491400	100	63.73	8.83	42.8	4.7
391	Norsup	0	VU	1542493419	89	-16.07	167.38	77.86	6.71
392	La Ronge	75	CA	1542488400	71	55.1	-105.3	8.6	12.75
393	Dinanagar	36	IN	1542493420	54	32.14	75.47	49.02	4.59
394	Nortelandia	8	BR	1542493390	83	-14.45	-56.8	85.24	3.36
395	Poshekhonye	64	RU	1542493420	98	58.5	39.12	36.37	10.29
396	Laje	0	BR	1542493421	64	-13.18	-39.42	76.65	12.64
397	Luhyny	20	UA	1542493421	76	51.08	28.4	18.42	2.91
398	Magadan	88	RU	1542490200	83	59.56	150.8	-9.41	2.24
399	Praya	40	ID	1542492000	100	-8.71	116.27	77.0	2.24
400	Songculan	20	PH	1542488400	94	9.63	123.83	77.0	4.7
401	Yangjiang	92	CN	1542493422	100	21.85	111.96	75.3	12.41
402	Baramula	0	IN	1542493422	96	34.2	74.35	23.05	1.45
403	Sao Jose da Coroa Grande	92	BR	1542493047	87	-8.9	-35.15	78.76	10.51
404	Rio Grande	90	BR	1542487500	100	-32.03	-52.1	68.0	6.93
405	Anadyr	90	RU	1542488400	85	64.73	177.51	10.4	15.66
406	Esso	12	RU	1542493423	51	55.93	158.7	-6.16	2.24
407	Vung Tau	40	VN	1542490200	94	10.35	107.08	77.0	2.24
408	Banjar	56	ID	1542493113	98	-7.37	108.54	70.66	2.24
409	Hofn	92	IS	1542493019	93	64.25	-15.21	46.72	14.43
410	The Valley	20	AI	1542492000	78	18.22	-63.06	80.6	11.41
411	Makow Mazowiecki	32	PL	1542493424	81	52.86	21.1	24.63	2.91
412	Nchelenge	64	ZM	1542493425	91	-9.35	28.74	67.92	2.13
413	Te Anau	88	NZ	1542493100	94	-45.41	167.72	43.39	7.94
414	Ust-Maya	88	RU	1542493425	73	60.42	134.54	0.24	4.14
415	College	40	US	1542491880	88	64.86	-147.8	5.0	5.26
416	Soure	20	PT	1542492000	72	40.06	-8.63	64.4	14.99
417	Lalmohan	0	BD	1542493426	92	22.34	90.74	73.72	5.14
418	Saint Anthony	1	US	1542491760	49	43.97	-111.68	37.04	4.7
419	Nankana Sahib	0	PK	1542489900	72	31.44	73.69	59.0	2.91
420	Longonjo	0	AO	1542493427	81	-12.91	15.25	62.02	2.57
421	Arlit	0	NE	1542493213	33	18.74	7.39	64.0	3.58
422	Chemainus	1	CA	1542491700	61	48.92	-123.72	50.0	6.93
423	Launceston	0	AU	1542492000	71	-41.43	147.14	57.2	3.36
424	Nyurba	0	RU	1542493428	61	63.29	118.35	-13.04	5.37
425	Lensk	0	RU	1542493429	93	60.71	114.91	-16.28	3.36
426	Ufimskiy	92	RU	1542493429	90	56.71	58.05	26.92	5.48
427	Ler	75	NO	1542491400	100	63.2	10.3	42.8	5.82
428	Kununurra	12	AU	1542492000	94	-15.77	128.74	77.0	2.24
429	Zuwarah	88	LY	1542493430	100	32.93	12.08	59.86	7.72
430	Milledgeville	1	US	1542491760	72	33.08	-83.23	62.96	3.36
431	Slobozia	0	RO	1542493409	91	44.56	27.36	31.74	11.52
432	Nantucket	40	US	1542492900	62	41.28	-70.1	44.96	5.82
433	Jumla	0	NP	1542493431	75	29.28	82.18	11.85	1.79
434	Simbahan	32	PH	1542493431	100	6.3	120.58	82.09	14.2
435	Sur	44	OM	1542493082	93	22.57	59.53	79.84	9.62
436	Kuminskiy	36	RU	1542493432	88	58.67	66.57	17.65	2.57
437	Sam Chuk	88	TH	1542493432	93	14.75	100.09	75.16	3.36
438	Bambous Virieux	40	MU	1542488400	88	-20.34	57.76	73.4	11.41
439	Yanam	80	IN	1542493433	97	16.73	82.22	75.03	6.04
440	Bathsheba	20	BB	1542492000	78	13.22	-59.52	80.6	14.99
441	Carnot	0	CF	1542493433	74	4.94	15.87	74.67	2.68
442	Mamou	8	GN	1542493434	93	10.37	-12.08	68.73	1.45
443	Vestmanna	0	FO	1542491400	87	62.16	-7.17	46.4	18.34
444	Lincoln	0	GB	1542491400	100	53.23	-0.54	48.2	8.05
445	Camacha	40	PT	1542490200	72	33.08	-16.33	60.8	24.16
446	Mackay	40	CA	1542488400	79	53.65	-115.58	26.6	12.75
447	Buenos Aires	20	AR	1542492000	60	-34.61	-58.44	73.4	6.93
448	Fort Nelson	90	CA	1542491100	84	58.81	-122.69	3.2	2.24
449	Malpe	68	IN	1542492000	83	13.35	74.72	77.0	3.36
450	San Jose	76	PH	1542493196	98	15.79	120.99	70.53	1.9
451	Aden	88	YE	1542493156	100	12.79	45.03	78.22	7.72
452	Nabire	8	ID	1542493437	93	-3.36	135.5	66.48	2.91
453	Mehamn	8	NO	1542493438	86	71.03	27.85	31.38	7.16
454	Tabou	56	CI	1542493438	100	4.42	-7.36	80.34	8.39
455	Karratha	0	AU	1542493086	23	-20.74	116.85	85.06	16.89
456	Shimoda	20	JP	1542493077	100	34.7	138.93	59.5	19.69
457	Ketchikan	90	US	1542491760	88	55.34	-131.65	46.04	19.46
458	Shelburne	90	CA	1542490080	80	44.08	-80.2	33.8	10.29
459	Maltahohe	24	NA	1542493439	25	-24.83	16.98	75.3	12.19
460	Bundaberg	92	AU	1542493079	100	-24.87	152.35	71.07	9.28
461	Chalatenango	0	SV	1542491400	54	14.04	-88.94	91.4	11.41
462	Mogadishu	20	SO	1542493440	100	2.04	45.34	80.92	5.59
463	Dubrovytsya	24	UA	1542493441	71	51.57	26.57	17.02	2.91
464	Sambava	80	MG	1542493101	100	-14.27	50.17	76.06	15.66
465	Nkowakowa	0	ZA	1542493442	76	-23.89	30.29	60.27	2.01
466	Novyy Nekouz	68	RU	1542493443	95	57.91	38.06	36.01	11.18
467	Ust-Nera	20	RU	1542493443	32	64.57	143.24	-24.16	1.12
468	Altayskoye	56	RU	1542493443	71	51.95	85.34	10.72	3.13
469	Lompoc	1	US	1542491760	67	34.64	-120.46	69.8	14.99
470	Touros	0	BR	1542493137	77	-5.2	-35.46	80.97	16.33
471	Yongan	0	CN	1542493444	57	39.7	113.69	18.55	8.39
472	Guerrero Negro	0	MX	1542493074	50	27.97	-114.04	71.97	7.94
473	Poum	92	MK	1542493445	99	41.28	20.71	30.39	2.13
474	Suez	0	EG	1542493446	86	29.97	32.54	50.82	2.35
475	Oulainen	0	FI	1542493446	74	64.27	24.8	41.64	12.41
476	Berlevag	68	NO	1542493190	100	70.86	29.09	34.98	11.52
477	Igrim	88	RU	1542493446	91	63.19	64.42	22.69	5.59
478	Swan River	32	CA	1542493447	79	52.11	-101.27	9.82	11.41
479	Port Blair	76	IN	1542493223	98	11.67	92.75	84.34	9.4
480	Ambulu	80	ID	1542493169	100	-8.35	113.61	78.45	2.8
481	Yar-Sale	92	RU	1542493138	98	66.83	70.83	15.31	18.68
482	Sao Felix do Xingu	56	BR	1542493448	81	-6.64	-51.99	81.69	2.91
483	Onguday	68	RU	1542493448	85	50.75	86.14	3.79	1.9
484	Aykhal	32	RU	1542493189	32	65.95	111.51	-23.21	2.68
485	Qasigiannguit	76	GL	1542491400	85	68.82	-51.19	23.0	12.75
486	Dabeiba	92	CO	1542493449	94	7.0	-76.27	69.31	2.24
487	Tailai	36	CN	1542493449	82	46.39	123.41	15.0	1.9
488	Abha	0	SA	1542488400	54	18.22	42.5	59.0	4.7
489	Keti Bandar	0	PK	1542493450	97	24.14	67.45	80.25	8.61
490	Sargatskoye	92	RU	1542493450	93	55.6	73.49	19.81	8.95
491	Stepanov	64	RU	1542493450	80	47.64	38.83	23.77	6.38
492	Magadi	40	IN	1542492000	100	12.96	77.22	68.0	3.36
493	Remedios	75	CU	1542491520	83	22.5	-79.55	77.0	12.75
494	Kudat	75	MY	1542488400	100	6.89	116.84	73.4	2.46
495	Yerbogachen	48	RU	1542493452	62	61.28	108.01	-8.09	3.13
496	Mocuba	20	MZ	1542493452	73	-16.84	36.99	77.19	4.36
497	Kupang	20	ID	1542493452	100	-10.16	123.6	79.08	1.68
498	Amuntai	76	ID	1542493194	94	-2.42	115.25	75.3	2.01
499	Khani	75	GE	1542490200	93	41.96	42.96	46.4	5.82
500	Havre	1	US	1542491580	64	48.55	-109.68	23.0	13.87
501	Shakawe	24	BW	1542493454	22	-18.36	21.84	75.16	5.93
502	De Aar	56	ZA	1542493454	23	-30.65	24.01	66.07	5.93
503	Sucre	76	BO	1542493455	43	-19.05	-65.26	67.6	3.24
504	Harper	1	US	1542491460	46	30.3	-99.24	73.04	10.29
505	Angoram	56	PG	1542493357	100	-4.06	144.07	76.02	2.24
506	Massakory	0	TD	1542493455	33	13.0	15.73	75.12	7.38
507	Northampton	0	GB	1542491400	100	52.24	-0.9	42.8	11.41
508	Ahuimanu	90	US	1542491820	71	21.44	-157.84	80.96	14.99
509	Piacabucu	20	BR	1542493456	71	-10.41	-36.43	80.11	11.74
510	Kanniyakumari	20	IN	1542493456	100	8.08	77.57	82.99	2.35
511	Tendukheda	0	IN	1542493457	74	23.4	79.54	59.1	2.68
512	Ambon	90	FR	1542492000	80	47.55	-2.56	41.0	16.11
513	Ladyzhyn	68	UA	1542493457	88	48.68	29.26	23.32	6.82
514	Valley	0	GB	1542491400	81	53.28	-4.56	46.4	11.41
515	Vilyuysk	0	RU	1542493458	65	63.75	121.63	-14.17	6.04
516	Allanridge	24	ZA	1542493458	23	-27.75	26.64	69.49	9.62
517	Coahuayana	0	MX	1542493458	35	18.62	-100.35	83.94	2.91
518	Sept-Iles	75	CA	1542488400	79	50.2	-66.38	26.6	6.93
519	Nautla	80	MX	1542493459	100	20.22	-96.78	71.43	3.58
520	Murray	75	US	1542491640	62	40.67	-111.89	44.96	5.82
521	Dauphin	1	CA	1542488400	72	51.15	-100.04	12.2	20.8
522	Victoria Point	75	AU	1542492000	78	-27.58	153.3	75.2	10.29
523	Auki	0	NG	1542493460	38	12.18	6.51	73.72	9.95
524	Kampene	76	CD	1542493460	89	-3.59	26.67	71.52	1.23
525	Sassandra	24	CI	1542493461	100	4.95	-6.09	80.43	13.76
526	Tottori	20	JP	1542490200	100	35.5	134.23	44.6	8.05
527	Whitehorse	40	CA	1542488400	85	60.72	-135.06	32.0	6.93
528	Am Timan	0	TD	1542493197	57	11.04	20.28	67.24	2.8
529	Thinadhoo	20	MV	1542493461	97	0.53	72.93	83.89	14.32
530	Tual	56	ID	1542493462	100	-5.67	132.75	82.81	1.12
531	Biloela	76	AU	1542493462	100	-24.4	150.51	67.15	4.14
532	Sinaloa	75	MX	1542491820	13	32.55	-115.28	77.0	5.82
533	Chiredzi	0	ZW	1542493463	48	-21.05	31.67	81.91	10.07
534	Suntar	0	RU	1542493054	65	62.16	117.65	-14.26	4.03
535	Komsomolets	20	RU	1542493463	71	52.77	41.29	16.75	11.07
536	Vandavasi	32	IN	1542493464	92	12.51	79.61	71.97	3.36
537	Okhotsk	92	RU	1542493110	98	59.36	143.24	25.3	10.18
538	Ola	88	RU	1542490200	83	59.58	151.3	-9.41	2.24
539	Lata	48	IN	1542493106	68	30.78	78.62	30.48	1.9
540	Araouane	56	ML	1542493202	32	18.9	-3.53	74.49	7.72
541	Yuanping	36	CN	1542493221	55	38.72	112.71	20.94	6.93
542	Alfeld	1	DE	1542491760	99	49.43	11.54	37.4	13.76
543	Wagar	44	US	1542493465	50	31.44	-87.99	62.88	2.8
544	Alyangula	8	AU	1542493154	100	-13.85	136.42	82.09	6.93
545	Mindelo	0	PT	1542492000	59	41.31	-8.72	64.4	8.05
546	Winnemucca	1	US	1542491760	38	40.97	-117.74	55.04	11.41
547	Los Llanos de Aridane	48	ES	1542492000	63	28.66	-17.92	66.2	2.24
548	Petropavlovsk-Kamchatskiy	90	RU	1542490200	100	53.05	158.65	30.2	6.71
